PROTEIN_ID	VARIATIONS	DDG
1iv7B	A73C	1.4569575
1iv7B	F89C	-1.7715974
1iv7B	L62C	-2.3177388
1iv9A	S76Y	2.1085174
A2IC68	Y146A	-0.71140414
A2IC68	Y57A	-0.30602428
O43353	P521A	0.1261026
O66523	I20V	-0.7936407
P01133	A995C	-1.5548152
P02417	A22G	-1.127605
P02417	A26G	-2.230863
P02417	A36G	-2.5133529
P02417	A39G	-1.8730569
P02417	A42G	-0.27060306
P02417	A46G	-1.3614568
P02417	A49G	-1.3329536
P02417	D23A	-0.47241503
P02417	D23N	-0.96313983
P02417	D8A	-1.1413155
P02417	D8N	-1.0852468
P02417	E100A	-0.57568437
P02417	E100G	-1.6524076
P02417	E17A	-0.79669833
P02417	E17Q	-0.47380453
P02417	E38A	-0.21567047
P02417	E38Q	0.17200235
P02417	E48Q	-0.33820057
P02417	E54Q	0.06662874
P02417	F31A	-2.7237046
P02417	F5L	-1.6858356
P02417	G24A	-0.7020265
P02417	G34A	-1.5075997
P02417	H106Q	-1.4319022
P02417	H134Q	-1.3399158
P02417	H144Q	0.40246016
P02417	I115A	-3.4846492
P02417	I121A	-3.020712
P02417	I18A	-2.9099865
P02417	I18V	-0.36516494
P02417	I37A	-1.8897296
P02417	I37V	-0.16327056
P02417	I4A	-2.571558
P02417	I4V	-1.3635803
P02417	I79A	-3.317183
P02417	I93A	-3.2084806
P02417	I98A	-2.558771
P02417	K10E	-0.05970204
P02417	K10M	0.5482912
P02417	K12A	0.02195593
P02417	K12G	-0.1452119
P02417	K12M	1.1476886
P02417	K14A	-0.46280932
P02417	K14G	-1.2278969
P02417	K14M	-0.55813235
P02417	K15G	-1.3462784
P02417	K15M	-0.4277492
P02417	K7M	-0.14471838
P02417	K96A	0.3659547
P02417	K96G	0.031663977
P02417	L102A	-3.544233
P02417	L108A	-2.7553072
P02417	L110A	-2.8589246
P02417	L117A	-2.690668
P02417	L133A	-3.3914433
P02417	L141A	-3.2752542
P02417	L30A	-3.24477
P02417	L30V	-2.6152914
P02417	L35A	-2.5014467
P02417	L44A	-3.0043056
P02417	L47A	-2.3814218
P02417	L6A	-2.7782786
P02417	L6I	-0.7966951
P02417	L6V	-1.862703
P02417	L72A	-3.3712037
P02417	M1A	-0.8937395
P02417	M1G	-1.2042208
P02417	T40S	-1.270219
P02417	V129A	-2.4246488
P02417	V131A	-2.2840052
P02417	V137A	-2.6377852
P02417	V143A	-2.6062
P02417	V145A	-2.275959
P02417	V21A	-2.1883295
P02417	V21I	-0.44023332
P02417	V21L	-1.2346139
P02417	V3A	-2.48044
P02417	V3I	-0.48959923
P02417	V3L	-1.5381899
P02417	V9A	-2.2714741
P02654	G41A	0.8043848
P02882	R39G	-0.92570233
P02882	W3C	-1.3154713
P03069	E259Q	-1.0080835
P03069	E268Q	-0.91720665
P03069	E270Q	-1.6570355
P03069	K256A	-0.045124017
P03069	K263A	-0.5952436
P03069	K275A	-1.0849469
P03069	K276A	-0.10846427
P03069	R273A	-1.3035325
P04049	A118G	-1.1671714
P04049	A118L	0.33358264
P04049	A85G	-1.7489892
P04049	A97G	-0.72349054
P04049	C81A	0.16578966
P04049	C81I	0.25715262
P04049	C95A	-0.7101772
P04049	C96A	-1.5895376
P04049	C96L	-0.7864574
P04049	C96M	-0.7642796
P04049	D117A	-0.96746254
P04049	D129A	-0.48707888
P04049	D80A	-0.5616913
P04049	E104A	-0.26694936
P04049	E124A	-0.672374
P04049	E125A	-0.90709037
P04049	I58A	-2.6759727
P04049	I58F	-1.1235373
P04049	I58L	-0.8834729
P04049	K109A	-0.70416
P04049	L112A	-2.5054402
P04049	L121A	-2.886966
P04049	L126A	-2.6424084
P04049	L62A	-2.434247
P04049	L78A	-2.056899
P04049	L82A	-2.5843804
P04049	L82I	-0.7308423
P04049	L82V	-1.1258258
P04049	L86A	-2.2870522
P04049	L91A	-2.6054652
P04049	M76A	-1.339623
P04049	N56M	0.19520777
P04049	N64A	-1.3894098
P04049	P63A	-1.5387318
P04049	P93A	-0.9490432
P04049	Q66A	-0.8363419
P04049	R100A	-0.6691226
P04049	R59A	-0.31248972
P04049	R89L	-0.65388113
P04049	S77A	-0.61381906
P04049	S77T	0.94571126
P04049	T68A	-0.88977826
P04049	V128A	-2.7040467
P04049	V60A	-1.8298693
P04049	V69A	-1.5894343
P04049	V70A	-2.4241588
P04049	V72A	-1.6424226
P04049	V72I	-0.06579624
P04049	V98A	-2.065146
P04517	E2143G	0.99079245
P04517	K2082F	-0.7991578
P04517	L2093V	0.74948525
P04517	Q2095F	-1.2720203
P04517	S2172G	0.39994708
P05112	C27T	-1.9703422
P05112	C48T	-1.9700198
P05112	W115S	0.0033383034
P07830	D188N	0.2667862
P07830	D188Y	-0.37976518
P08659	H461D	-1.8422272
P08659	H489D	-0.9656252
P08659	H489K	0.8585859
P08659	H489M	0.5378119
P0A3C7	E95D	-0.9542352
P0A3C7	E95K	-0.4384963
P0A3C7	E95Q	-0.47634134
P0A3C7	E96K	0.22080028
P0A3C7	F66A	-0.8827858
P0A3C7	F66I	0.9459302
P0A3C7	F66W	-0.7020327
P0A3C7	F66Y	0.09159502
P0A3C7	R43A	-1.6940316
P0A3C7	R43H	-2.2460203
P0A3C7	T49A	-0.24768156
P0A780	D118A	-0.26517093
P0A780	D118E	-0.09372789
P0A780	D118K	-0.11606675
P0A780	D118N	-0.009462584
P0A780	D118R	0.0064150915
P0A9D2	S11A	-0.58253354
P11053	H43R	1.9115944
P11961	A131G	-2.7243438
P11961	A139G	-2.8958945
P11961	A165G	-1.5108713
P11961	A168G	-1.068863
P11961	D145A	-1.7491413
P11961	D145N	-1.5176162
P11961	D162N	-0.99393064
P11961	D164A	-1.4515243
P11961	D164G	-2.1584005
P11961	D164N	-1.5272266
P11961	E141A	-0.5073958
P11961	E141Q	-1.023734
P11961	I146A	-3.213848
P11961	I146V	-1.329831
P11961	I163V	-0.08993887
P11961	L159A	-0.9297125
P11961	L159G	-2.367022
P11961	L159V	-1.3523917
P11961	L167A	-2.4234757
P11961	L167V	-2.144251
P11961	V135A	-1.8223833
P11961	V144A	-2.5091317
P11961	V149A	-2.7384312
P11961	V149G	-3.3817756
P11961	V158A	-2.5565822
P11961	Y138F	-1.5507312
P12376	Y103F	-1.6955262
P12376	Y103W	-1.4892018
P12497	E12A	0.27961433
P18429	N209R	-0.1112098
P18429	N60D	-1.05524
P18429	N82E	0.3097488
P18429	S50E	-0.066483274
P18429	S55E	-0.41322005
P19267	M35W	-1.3711352
P19267	M35Y	0.3023434
P26747	D302A	-1.9561648
P26747	H305A	-1.8394316
P35670	H1069Q	-1.4010017
P39060	D1647A	-0.6674874
P40040	D14A	0.1103879
P40040	D37A	1.127622
P40040	D38A	-1.879338
P40040	D38N	-1.9051023
P40040	E39Q	-0.009253195
P40040	E40G	-0.07983965
P40040	I35A	-2.1626134
P40040	I35V	-0.9200244
P40040	K13A	-1.053563
P40040	K13G	-1.444354
P40040	K18A	-0.13885921
P40040	K27A	-1.0837532
P40040	L12A	-2.6053936
P40040	L15A	-2.371078
P40040	L7A	-2.4193666
P40040	Q11A	-1.1595768
P40040	Q11G	-2.1321802
P40040	Q32A	0.33187455
P40040	R33A	-2.0231519
P40040	S22A	-0.64933026
P40040	S5A	-0.1973058
P40040	S5G	-0.86324733
P40040	T8S	-1.0464859
P40040	V10A	1.1157941
P40040	V10G	-0.30622107
P40040	V23A	-1.2096598
P40040	V9A	-2.6557608
P40040	V9G	-3.0380142
P40040	Y4F	-1.6851048
P47992	K46A	-0.39067766
P47992	K87A	-0.39577183
P47992	R30A	-0.70468795
P47992	R44A	-0.6961834
P47992	R56A	-0.7052861
P47992	R64A	-0.35263416
P48052	A46G	-0.85286134
P48052	A65G	-2.2047818
P48052	D53A	-1.3199006
P48052	E29A	-0.16670495
P48052	E35G	-1.9808416
P48052	F54L	-2.5230722
P48052	F80A	-2.3821886
P48052	H66A	-1.1303245
P48052	I30V	-0.21346769
P48052	I38V	-0.24087396
P48052	I86V	-1.1801163
P48052	I90A	-2.3499272
P48052	K56A	-0.57595366
P48052	L41V	-2.1938605
P48052	N73A	-0.36097834
P48052	Q75G	-0.8361445
P48052	V27A	-2.9355323
P48052	V67A	-2.3688195
P48052	V79G	0.53214175
P48052	Y88L	-2.5496988
P51608	D156E	-1.4161823
P51608	F155S	-0.22174177
P51608	L100V	-1.6967521
P51608	P152R	-0.82431364
P51608	R106Q	-1.5380208
P51608	R106W	-0.32749385
P51608	R111G	-1.1123258
P51608	R133C	-0.27341604
P51608	R133H	-0.40129986
P51608	S134C	-0.32580206
P51608	T158A	-0.027392536
P51608	T158M	-0.832612
P56552	A19D	0.020815723
P56552	A19G	-0.41819653
P56552	A19K	-0.16400108
P60849	P18A	-1.275429
P60849	P62A	-0.7260866
P69168	A165K	0.63176113
P69168	D178A	-0.2687295
P69168	D178C	0.5310731
P69168	D178E	-0.22689441
P69168	D178F	0.45230332
P69168	D178G	0.96100396
P69168	D178H	0.3118256
P69168	D178I	0.19140965
P69168	D178K	0.114754654
P69168	D178L	0.03413485
P69168	D178M	0.30821207
P69168	D178N	1.130972
P69168	D178P	0.48290077
P69168	D178Q	0.008814454
P69168	D178R	0.04981824
P69168	D178S	-0.21646413
P69168	D178T	0.30618545
P69168	D178V	-0.28013578
P69168	D178W	0.6822401
P69168	D178Y	0.69517565
P69168	F154V	-0.9803427
P69168	N156G	0.57904357
P69168	N157K	0.70164484
P69168	N157V	1.3157308
P69168	Q155N	0.23575383
P69168	Q163N	0.96591026
P69168	R162V	-0.20684865
P78352	D332G	-0.66343737
P78352	D332P	-0.6064186
P84131	R244E	-1.2229278
Q10ST8	F66A	-2.5318198
Q10ST8	Y72A	-2.3492687
Q10ST8	Y75A	-2.1426132
Q15561	Y429H	-1.6154789
Q15562	Y442H	-1.4059268
Q15582	L558P	-0.744197
Q15582	L569R	-1.4917623
Q15582	M619K	-1.8128334
Q15582	R533Q	-0.47619963
Q15582	R555Q	-0.6008434
Q15582	R555W	0.48217914
Q16595	D122Y	-0.77823806
Q16595	G130V	-2.3151774
Q16595	I154F	-1.420704
Q16595	L198C	-2.1146584
Q16595	L200C	-0.420627
Q16595	L203C	-1.7121612
Q16595	S181F	-1.154513
Q16595	W155R	-1.015333
Q53291	A45G	-1.4812354
Q53291	A50P	0.06866261
Q53291	A50V	-1.884547
Q53291	A57G	-1.3747379
Q53291	A57V	0.3053088
Q53291	A66G	-2.35998
Q53291	A70G	-2.128614
Q53291	A72G	-0.8687593
Q53291	A74G	-2.220762
Q53291	A89G	-0.62281555
Q53291	D75A	-0.31780598
Q53291	D75G	-1.1954113
Q53291	D87A	-0.39916903
Q53291	E58A	-1.2424632
Q53291	E69G	-1.8654225
Q53291	E69I	-0.2360284
Q53291	E83A	0.11482496
Q53291	F49A	-1.5403875
Q53291	F49L	-0.99254656
Q53291	F59A	-2.6923041
Q53291	F59L	-1.6792356
Q53291	F63G	-2.2031062
Q53291	F63L	-0.703373
Q53291	F99L	-1.0735167
Q53291	F99V	-1.7612911
Q53291	G52A	-1.8915883
Q53291	G52V	-2.4542568
Q53291	G61A	-2.0182245
Q53291	G82A	-0.75599825
Q53291	G92A	-1.5803698
Q53291	I43A	-2.3842642
Q53291	I43V	-1.0549719
Q53291	I48A	-1.3207426
Q53291	I48V	-0.013487559
Q53291	I97A	-1.3678678
Q53291	I97V	-0.7355401
Q53291	K44A	-0.7340655
Q53291	K60A	-0.98193526
Q53291	K65G	-0.777883
Q53291	K78A	-0.2967715
Q53291	K79A	-0.54131514
Q53291	K91A	-0.46926996
Q53291	K98A	-0.39245847
Q53291	L47A	-2.079512
Q53291	L77A	-2.4198513
Q53291	L95A	-2.4644775
Q53291	N46A	-0.66588163
Q53291	N51A	-1.8996847
Q53291	N81A	-0.96650136
Q53291	N96A	-1.1341566
Q53291	S53A	-0.7686449
Q53291	S68A	0.092036836
Q53291	S68G	-1.1871775
Q53291	T42A	-1.3183252
Q53291	T54A	-1.204465
Q53291	T56A	-0.7849877
Q53291	T62A	-1.2857233
Q53291	T67A	-0.93347603
Q53291	T76G	-0.9794276
Q53291	T85A	-0.13741013
Q53291	T94A	-0.4824532
Q53291	V41A	-1.3014308
Q53291	V86A	-1.1750087
Q53291	V88A	-1.5715997
Q53291	Y71A	-0.97611994
Q53291	Y73A	-2.4024804
Q53291	Y93A	-1.3781097
Q53291	Y93L	-1.0924704
Q7KIF2	E64D	-1.1616899
Q7KIF2	E64N	-0.23059365
Q7KIF2	E64Q	0.088600375
Q99728	I738V	-0.8638175
Q99728	R658C	-0.4163883
Q9RA57	F21A	-0.4151527
Q9RA57	I39A	-2.9845114
Q9RA57	I80A	-3.1627142
Q9RA57	I89A	-2.5938265
Q9RA57	I8V	-0.9208898
Q9RA57	L13A	-2.224787
Q9RA57	L57A	-1.9481242
Q9RA57	V12A	-1.8496044
Q9RA57	V30A	-2.6615858
Q9RA57	V43A	-2.6844225
Q9RA57	V49A	-2.1956348
Q9RA57	V51A	-2.633331
Q9RA57	V54A	-2.412169
Q9RA57	V81A	-2.7999852
Q9RA57	V83A	-2.5585306
Q9RA57	Y18A	-0.8835308
Q9RA57	Y26A	-2.9140549
Q9UBU9	I264V	-0.87101007
Q9UBU9	L212V	-1.43838
Q9UBU9	L238I	-1.986221
Q9UBU9	L267I	-1.7017097
Q9UBU9	L293I	-0.38777938
Q9UBU9	L293V	-0.079624
Q9UBU9	L315A	-2.2322664
Q9UBU9	L317I	-1.377505
Q9UBU9	L348I	-1.291575
Q9UBU9	L349I	-1.1799794
Q9UBU9	M216L	-0.9006294
Q9UBU9	S339A	-0.0076391622
Q9UBU9	V287A	-0.26604974
P02417	D23A	-0.47241503
P02417	D23N	-0.96313983
P02417	D8N	-1.0852468
P02417	E17Q	-0.47380453
P02417	E38Q	0.17200235
P02417	E48Q	-0.33820057
P02417	I4V	-1.3635803
P02417	K10M	0.5482912
P02417	K14M	-0.55813235
P02417	K15M	-0.4277492
P02417	K7M	-0.14471838
P02417	L30A	-3.24477
P02417	L6A	-2.7782786
P02417	M1A	-0.8937395
P02417	V21A	-2.1883295
P02417	V3A	-2.48044
